{"precision": [0.9997566243801527, 0.6132075471698113, 0.008915304606240713, 0.21621621621621623], "recall": [0.9779781567121983, 0.6018518518518519, 1.0, 0.3508771929824561], "false_positive_rate": [0.018018018018018018, 0.003647362334311894, 0.01959401897711583, 0.004273126455073233], "balanced_accuracy": 0.7326768003866266, "bookmaker_informedness": 0.7212936689404967, "average_earliness": 0.7564102564101677}