{"accuracy": [0.4395597279071808, 0.7346677780151367, 0.8779298663139343, 0.8444677591323853, 0.8775480389595032, 0.9017065167427063, 0.918830394744873, 0.9383554458618164, 0.9540107250213623, 0.962080717086792, 0.9392953515052795, 0.9101583361625671, 0.9510074853897095, 0.9432018399238586, 0.945015549659729, 0.9537317156791687, 0.9561402201652527, 0.9532470703125, 0.946087658405304, 0.9561108350753784, 0.9668242931365967, 0.9583210945129395, 0.958467960357666, 0.9611481428146362, 0.9652602076530457, 0.9659578204154968, 0.9540033936500549, 0.9716193079948425, 0.9502217769622803, 0.9417479038238525, 0.9662588834762573, 0.9663176536560059, 0.9565293788909912, 0.9614565372467041, 0.960832417011261, 0.9576749205589294, 0.920680820941925, 0.950236439704895, 0.9593050479888916, 0.9621394872665405, 0.96819007396698, 0.9307554364204407, 0.9623891115188599, 0.9638283252716064, 0.9542677402496338, 0.9690565466880798, 0.9491790533065796, 0.9580273628234863, 0.9520354866981506, 0.9536436200141907], "loss": [1.5657249689102173, 1.2732487916946411, 0.8992618918418884, 0.8412836790084839, 0.6798464059829712, 0.6233644485473633, 0.6467862129211426, 0.5589178800582886, 0.5382843017578125, 0.5113484859466553, 0.5878872275352478, 0.5929873585700989, 0.5305575132369995, 0.555702269077301, 0.5683815479278564, 0.5207606554031372, 0.5211427211761475, 0.4992724657058716, 0.5624741911888123, 0.5192831754684448, 0.48218315839767456, 0.525987446308136, 0.5209080576896667, 0.49573010206222534, 0.5020257830619812, 0.5076355338096619, 0.5229999423027039, 0.4864480197429657, 0.5676701068878174, 0.5732781887054443, 0.5261129140853882, 0.5329366326332092, 0.525930643081665, 0.5354627370834351, 0.51254802942276, 0.63298499584198, 0.6310664415359497, 0.5915736556053162, 0.5237166285514832, 0.5617681741714478, 0.4772852659225464, 0.680196225643158, 0.496240496635437, 0.5323536992073059, 0.6403382420539856, 0.4824848771095276, 0.6022094488143921, 0.6138678193092346, 0.5646325349807739, 0.549872100353241], "val_accuracy": [0.009516256861388683, 0.984756350517273, 0.9675448536872864, 0.9562663435935974, 0.9435486197471619, 0.9266601800918579, 0.9194936156272888, 0.9300966262817383, 0.9567362666130066, 0.9637853503227234, 0.9582341909408569, 0.8932945728302002, 0.9517138004302979, 0.9541222453117371, 0.9520369172096252, 0.9767674207687378, 0.9732428789138794, 0.962199330329895, 0.9707756638526917, 0.972831666469574, 0.9667518138885498, 0.9711574912071228, 0.9547390341758728, 0.9841689467430115, 0.9756806492805481, 0.9770610928535461, 0.9676917195320129, 0.9903662800788879, 0.941257655620575, 0.9735366106033325, 0.976591169834137, 0.9234587550163269, 0.9686316251754761, 0.9195523858070374, 0.9636090993881226, 0.9454283714294434, 0.9755925536155701, 0.9872822761535645, 0.9587041735649109, 0.9880459308624268, 0.973565936088562, 0.9521250128746033, 0.9479249119758606, 0.960818886756897, 0.9617587327957153, 0.9743589758872986, 0.9619055986404419, 0.8528211116790771, 0.94146329164505, 0.9723029732704163], "val_loss": [1.3467328548431396, 0.27874261140823364, 0.1431645005941391, 0.17347900569438934, 0.1743450164794922, 0.20786404609680176, 0.22987642884254456, 0.2237515151500702, 0.14403203129768372, 0.11555519700050354, 0.1156897321343422, 0.44970667362213135, 0.13747774064540863, 0.15743106603622437, 0.1378907859325409, 0.058834608644247055, 0.08756610751152039, 0.09348400682210922, 0.10353553295135498, 0.10207577049732208, 0.14010456204414368, 0.1069704219698906, 0.18835097551345825, 0.04876359924674034, 0.058870475739240646, 0.06081636995077133, 0.11970387399196625, 0.04256261885166168, 0.3104979693889618, 0.07794611901044846, 0.07605276256799698, 0.4773682653903961, 0.10354477912187576, 0.4036475718021393, 0.11136824637651443, 0.24187777936458588, 0.06402413547039032, 0.044715289026498795, 0.09361928701400757, 0.04475715383887291, 0.07850556075572968, 0.21740010380744934, 0.22690246999263763, 0.07694683969020844, 0.21323969960212708, 0.06281528621912003, 0.09611830115318298, 0.9567912220954895, 0.32741275429725647, 0.11582684516906738]}